#,File indice autogenerato

+,File PHP di esempio,<p>Per (1-6) v. slide set 1; per (7-8) v. slide set 2</p><a href="!README.html">Istruzioni per l'esecuzione</a>

oneline.php,file php di un rigo (vedi slide)
primo.php,primo esempio nelle slide
embedded.php,esempio di piccolo script PHP inserito (embedded) in html
pure.php,genera lo stesso rendering di [embedded.php] ma solo con PHP &ldquo;puro&rdquo; senza HTML
-,pure_nl.php,variante con new lines; genera lo stesso HTML di [embedded.php]
-,pure3.php,variante con 3 <tt>echo()</tt>
.,pure1.php,variante con un solo <tt>echo()</tt>
echo_multiline.php,alcune particolarit&agrave; dell'argomento di <tt>echo</tt>
phpinfo.php,info da interprete/server PHP su se stesso
escape.php,escape da HTML a PHP a HTML e di nuovo PHP (preservato stato <tt>$x</tt>)
-,escape1.php,escape da HTML a PHP a HTML e di nuovo PHP (preservato stato <tt>$x</tt>)
-,escape_if_1.php,interazione tra <tt>if</tt> php e HTML inframmezzato
-,escape_if_2.php,interazione tra <tt>if</tt> php e HTML inframmezzato
-,escape_for.php,interazione tra <tt>for</tt> php e HTML inframmezzato
-,escape_for_1.php,interazione tra <tt>for</tt> php e HTML inframmezzato
-,escape_mix.php,interazione tra PHP (vari costrutti) e HTML inframmezzato
eqtag0.php,uso del tag abbreviato <tt>&lt;?=</tt>
-,eqtag1.php,uso del tag abbreviato <tt>&lt;?=</tt>
-,eqtag2.php,uso del tag abbreviato <tt>&lt;?=</tt>
-,eqtag_no_out.php,uso &ldquo;apparente&rdquo; del tag abbreviato <tt>&lt;?=</tt>
hello.html,Hello world!&#44; aprirlo nel browser equivale a un <code>GET /hello.html</code>
-,hello_get_post.html,invia <code>GET</code> o <code>POST</code> (mostrando che hanno lo stesso effetto) al path [./hello.html]
form0_post.php,invio form via <tt>POST</tt> verso URL (cf. <tt>action</tt>) indipendente dal nome dello script (qui [form0_post.php]); <BR>tutto lo script &egrave; attivato sia per <tt>GET</tt> che per <tt>POST</tt>
-,form0_post_error_rep.php,come [form0_post.php] ma illustra gestione di errori/warning per parametro non definito sul <code>POST</code>
-,form0_get.php,come [form0_post.php] ma usa <tt>GET</tt> senza protezione per invio parametro
-,form0_get_protect.php,come [form0_get.php] ma usa <tt>GET</tt> con protezione per invio parametro
-,form1_post.php,script specifico solo per <tt>POST</tt>
-,form2_post.php,script specifico pi&ugrave; complesso solo per <tt>POST</tt>
-,form_get_post.php,script specifici per <tt>GET</tt> e per <tt>POST</tt>
gestione_form.php,gestione pi&ugrave; elaborata dei form
attacks.html,su attacchi XSS/CSRF e CORS (solo doc; non codice per ora)
upload.php,(non cliccare [upload.php]) script per validazione e upload di file dal cliente verso il server
-,test_upload.html,form cliente per attivare [upload.php] (quest'ultimo non va cliccato)
download_bin.php,script per download del file binario [small.mp4] dal server sul client
include_ex.php,illustra uso di <tt>include()</tt>&#44; includendo [footer.php]
-,include_once_ex.php,illustra uso di <tt>include_once()</tt>&#44; includendo [footer.php]
-,include_require_ex.php,fallimento di <tt>include()</tt> e <tt>require()</tt>
-,include_require_ex_1.php,fallimento di <tt>include()</tt>&#44; <tt>require()</tt> e livello di error reporting
create1.php,crea un nuovo file <tt>newfile.txt</tt> (esegui prima <tt>rm newfile.txt</tt>)
-,create2.php,come [create1.php]&#44; osservare effetto se <tt>newfile.txt</tt> esiste ed errore se <tt>newfile.txt</tt> &egrave; protetto da scrittura
html_namespace_test.php,usa i namespace definiti in <code>html_namespace.php</code>
*,html_namespace.php,illustra uso dei namespace (link al file non cliccabile)
imagick_draw.php,demo per il modulo PHP Imagick (funziona solo dopo aver installato il modulo con <tt>pecl install imagick</tt>)