{"Ritorno al futuro":{"anno":"1985","paese":"USA","regista":"Robert Zemeckis","link":"https:\/\/www.imdb.com\/title\/tt0088763\/?ref_=fn_al_tt_1"},"Blade Runner":{"anno":"1982","paese":"USA","regista":"Ridley Scott","link":"https:\/\/www.imdb.com\/title\/tt0083658\/?ref_=fn_al_tt_1"},"Star Wars":{"anno":"1977","paese":"USA","regista":"George Lucas","link":"https:\/\/www.imdb.com\/title\/tt0076759\/?ref_=fn_al_tt_1"},"I predatori dell'arca perduta":{"anno":"1981","paese":"USA","regista":"Steven Spielberg","link":"https:\/\/www.imdb.com\/title\/tt0082971\/?ref_=fn_al_tt_2"},"Alien":{"anno":"1979","paese":"USA","regista":"Ridley Scott","link":"https:\/\/www.imdb.com\/title\/tt0078748\/?ref_=fn_al_tt_1"},"The Terminator":{"anno":"1984","paese":"USA","regista":"James Cameron","link":"https:\/\/www.imdb.com\/title\/tt0088247\/?ref_=fn_al_tt_1"},"The Goonies":{"anno":"1985","paese":"USA","regista":"Richard Donner","link":"https:\/\/www.imdb.com\/title\/tt0089218\/?ref_=fn_al_tt_1"},"Aladdin":{"anno":"1992","paese":"USA","regista":"Ron Clements","link":"https:\/\/www.imdb.com\/title\/tt0103639\/"}}